{"cameraMode":{"drawMode":0,"name":"Shaded","section":"Shading Mode"},"sceneLighting":false,"audioPlay":false,"sceneViewState":{"m_AlwaysRefresh":false,"showFog":true,"showSkybox":false,"showFlares":true,"showImageEffects":true,"showParticleSystems":true,"showVisualEffectGraphs":true,"m_FxEnabled":true},"in2DMode":false,"pivot":{"x":2.9802322387695315e-8,"y":3.3499999046325685,"z":-45.869998931884769},"rotation":{"x":-0.3162451684474945,"y":0.44963398575782778,"z":-0.17403948307037354,"w":-0.8170248866081238},"size":0.6123724579811096,"orthographic":false}